نام,تمرین ۰,تمرین ۱,تمرین ۲,تمرین ۳,تمرین ۴,پروژه ۱
علی رضایی,15,14,17,18,,
سارا محمدی,0,14,17,14,,
رضا کریمی,19,18,20,20,,
محمد حسینی,14,15,14,18,,
امیر نوری,17,13,18,15,,
مریم احمدی,16,19,14,17,,
حسین جعفری,18,20,15,13,,
فاطمه موسوی,12,18,19,18,,
نیما صادقی,16,19,15,12,,
زهرا کاظمی,17,18,14,11,,
پارسا رحیمی,12,11,12,14,,
یاسمن قاسمی,11,15,17,13,,
آرمان فرهادی,13,18,11,12,,
هانیه یزدانی,15,10,13,18,,
سینا عباسی,14,15,17,17,,
مهسا اکبری,12,10,9,11,,
کیان شریفی,12,9,9,9,,
نازنین مرادی,14,11,12,16,,
عرفان حیدری,12,9,11,15,,
الهام طاهری,8,12,13,0,,
دانیال بهرامی,16,14,11,14,,
ترانه سلیمانی,14,9,16,14,,
بردیا امینی,13,11,7,0,,
ریحانه نظری,9,15,15,15,,
پویا زمانی,8,8,12,14,,
شیما خلیلی,12,7,14,13,,
